comp_id,atom_id_1,atom_id_2,value_order,pdbx_aromatic_flag,pdbx_stereo_config,pdbx_ordinal
ALA,N,CA,SING,N,N,1
ALA,N,H,SING,N,N,2
ALA,N,H2,SING,N,N,3
ALA,CA,C,SING,N,N,4
ALA,CA,CB,SING,N,N,5
ALA,CA,HA,SING,N,N,6
ALA,C,O,DOUB,N,N,7
ALA,C,OXT,SING,N,N,8
ALA,CB,HB1,SING,N,N,9
ALA,CB,HB2,SING,N,N,10
ALA,CB,HB3,SING,N,N,11
ALA,OXT,HXT,SING,N,N,12
ARG,N,CA,SING,N,N,1
ARG,N,H,SING,N,N,2
ARG,N,H2,SING,N,N,3
ARG,CA,C,SING,N,N,4
ARG,CA,CB,SING,N,N,5
ARG,CA,HA,SING,N,N,6
ARG,C,O,DOUB,N,N,7
ARG,C,OXT,SING,N,N,8
ARG,CB,CG,SING,N,N,9
ARG,CB,HB2,SING,N,N,10
ARG,CB,HB3,SING,N,N,11
ARG,CG,CD,SING,N,N,12
ARG,CG,HG2,SING,N,N,13
ARG,CG,HG3,SING,N,N,14
ARG,CD,NE,SING,N,N,15
ARG,CD,HD2,SING,N,N,16
ARG,CD,HD3,SING,N,N,17
ARG,NE,CZ,SING,Y,N,18
ARG,NE,HE,SING,N,N,19
ARG,CZ,NH1,SING,Y,N,20
ARG,CZ,NH2,DOUB,Y,N,21
ARG,NH1,HH11,SING,N,N,22
ARG,NH1,HH12,SING,N,N,23
ARG,NH2,HH21,SING,N,N,24
ARG,NH2,HH22,SING,N,N,25
ARG,OXT,HXT,SING,N,N,26
ASN,N,CA,SING,N,N,1
ASN,N,H,SING,N,N,2
ASN,N,H2,SING,N,N,3
ASN,CA,C,SING,N,N,4
ASN,CA,CB,SING,N,N,5
ASN,CA,HA,SING,N,N,6
ASN,C,O,DOUB,N,N,7
ASN,C,OXT,SING,N,N,8
ASN,CB,CG,SING,N,N,9
ASN,CB,HB2,SING,N,N,10
ASN,CB,HB3,SING,N,N,11
ASN,CG,OD1,DOUB,N,N,12
ASN,CG,ND2,SING,N,N,13
ASN,ND2,HD21,SING,N,N,14
ASN,ND2,HD22,SING,N,N,15
ASN,OXT,HXT,SING,N,N,16
ASP,N,CA,SING,N,N,1
ASP,N,H,SING,N,N,2
ASP,N,H2,SING,N,N,3
ASP,CA,C,SING,N,N,4
ASP,CA,CB,SING,N,N,5
ASP,CA,HA,SING,N,N,6
ASP,C,O,DOUB,N,N,7
ASP,C,OXT,SING,N,N,8
ASP,CB,CG,SING,N,N,9
ASP,CB,HB2,SING,N,N,10
ASP,CB,HB3,SING,N,N,11
ASP,CG,OD1,DOUB,N,N,12
ASP,CG,OD2,SING,N,N,13
ASP,OD2,HD2,SING,N,N,14
ASP,OXT,HXT,SING,N,N,15
CYS,N,CA,SING,N,N,1
CYS,N,H,SING,N,N,2
CYS,N,H2,SING,N,N,3
CYS,CA,C,SING,N,N,4
CYS,CA,CB,SING,N,N,5
CYS,CA,HA,SING,N,N,6
CYS,C,O,DOUB,N,N,7
CYS,C,OXT,SING,N,N,8
CYS,CB,SG,SING,N,N,9
CYS,CB,HB2,SING,N,N,10
CYS,CB,HB3,SING,N,N,11
CYS,SG,HG,SING,N,N,12
CYS,OXT,HXT,SING,N,N,13
GLN,N,CA,SING,N,N,1
GLN,N,H,SING,N,N,2
GLN,N,H2,SING,N,N,3
GLN,CA,C,SING,N,N,4
GLN,CA,CB,SING,N,N,5
GLN,CA,HA,SING,N,N,6
GLN,C,O,DOUB,N,N,7
GLN,C,OXT,SING,N,N,8
GLN,CB,CG,SING,N,N,9
GLN,CB,HB2,SING,N,N,10
GLN,CB,HB3,SING,N,N,11
GLN,CG,CD,SING,N,N,12
GLN,CG,HG2,SING,N,N,13
GLN,CG,HG3,SING,N,N,14
GLN,CD,OE1,DOUB,N,N,15
GLN,CD,NE2,SING,N,N,16
GLN,NE2,HE21,SING,N,N,17
GLN,NE2,HE22,SING,N,N,18
GLN,OXT,HXT,SING,N,N,19
GLU,N,CA,SING,N,N,1
GLU,N,H,SING,N,N,2
GLU,N,H2,SING,N,N,3
GLU,CA,C,SING,N,N,4
GLU,CA,CB,SING,N,N,5
GLU,CA,HA,SING,N,N,6
GLU,C,O,DOUB,N,N,7
GLU,C,OXT,SING,N,N,8
GLU,CB,CG,SING,N,N,9
GLU,CB,HB2,SING,N,N,10
GLU,CB,HB3,SING,N,N,11
GLU,CG,CD,SING,N,N,12
GLU,CG,HG2,SING,N,N,13
GLU,CG,HG3,SING,N,N,14
GLU,CD,OE1,DOUB,N,N,15
GLU,CD,OE2,SING,N,N,16
GLU,OE2,HE2,SING,N,N,17
GLU,OXT,HXT,SING,N,N,18
GLY,N,CA,SING,N,N,1
GLY,N,H,SING,N,N,2
GLY,N,H2,SING,N,N,3
GLY,CA,C,SING,N,N,4
GLY,CA,HA2,SING,N,N,5
GLY,CA,HA3,SING,N,N,6
GLY,C,O,DOUB,N,N,7
GLY,C,OXT,SING,N,N,8
GLY,OXT,HXT,SING,N,N,9
HIS,N,CA,SING,N,N,1
HIS,N,H,SING,N,N,2
HIS,N,H2,SING,N,N,3
HIS,CA,C,SING,N,N,4
HIS,CA,CB,SING,N,N,5
HIS,CA,HA,SING,N,N,6
HIS,C,O,DOUB,N,N,7
HIS,C,OXT,SING,N,N,8
HIS,CB,CG,SING,N,N,9
HIS,CB,HB2,SING,N,N,10
HIS,CB,HB3,SING,N,N,11
HIS,CG,ND1,SING,Y,N,12
HIS,CG,CD2,DOUB,Y,N,13
HIS,ND1,CE1,DOUB,Y,N,14
HIS,ND1,HD1,SING,N,N,15
HIS,CD2,NE2,SING,Y,N,16
HIS,CD2,HD2,SING,N,N,17
HIS,CE1,NE2,SING,Y,N,18
HIS,CE1,HE1,SING,N,N,19
HIS,NE2,HE2,SING,N,N,20
HIS,OXT,HXT,SING,N,N,21
ILE,N,CA,SING,N,N,1
ILE,N,H,SING,N,N,2
ILE,N,H2,SING,N,N,3
ILE,CA,C,SING,N,N,4
ILE,CA,CB,SING,N,N,5
ILE,CA,HA,SING,N,N,6
ILE,C,O,DOUB,N,N,7
ILE,C,OXT,SING,N,N,8
ILE,CB,CG1,SING,N,N,9
ILE,CB,CG2,SING,N,N,10
ILE,CB,HB,SING,N,N,11
ILE,CG1,CD1,SING,N,N,12
ILE,CG1,HG12,SING,N,N,13
ILE,CG1,HG13,SING,N,N,14
ILE,CG2,HG21,SING,N,N,15
ILE,CG2,HG22,SING,N,N,16
ILE,CG2,HG23,SING,N,N,17
ILE,CD1,HD11,SING,N,N,18
ILE,CD1,HD12,SING,N,N,19
ILE,CD1,HD13,SING,N,N,20
ILE,OXT,HXT,SING,N,N,21
LEU,N,CA,SING,N,N,1
LEU,N,H,SING,N,N,2
LEU,N,H2,SING,N,N,3
LEU,CA,C,SING,N,N,4
LEU,CA,CB,SING,N,N,5
LEU,CA,HA,SING,N,N,6
LEU,C,O,DOUB,N,N,7
LEU,C,OXT,SING,N,N,8
LEU,CB,CG,SING,N,N,9
LEU,CB,HB2,SING,N,N,10
LEU,CB,HB3,SING,N,N,11
LEU,CG,CD1,SING,N,N,12
LEU,CG,CD2,SING,N,N,13
LEU,CG,HG,SING,N,N,14
LEU,CD1,HD11,SING,N,N,15
LEU,CD1,HD12,SING,N,N,16
LEU,CD1,HD13,SING,N,N,17
LEU,CD2,HD21,SING,N,N,18
LEU,CD2,HD22,SING,N,N,19
LEU,CD2,HD23,SING,N,N,20
LEU,OXT,HXT,SING,N,N,21
LYS,N,CA,SING,N,N,1
LYS,N,H,SING,N,N,2
LYS,N,H2,SING,N,N,3
LYS,CA,C,SING,N,N,4
LYS,CA,CB,SING,N,N,5
LYS,CA,HA,SING,N,N,6
LYS,C,O,DOUB,N,N,7
LYS,C,OXT,SING,N,N,8
LYS,CB,CG,SING,N,N,9
LYS,CB,HB2,SING,N,N,10
LYS,CB,HB3,SING,N,N,11
LYS,CG,CD,SING,N,N,12
LYS,CG,HG2,SING,N,N,13
LYS,CG,HG3,SING,N,N,14
LYS,CD,CE,SING,N,N,15
LYS,CD,HD2,SING,N,N,16
LYS,CD,HD3,SING,N,N,17
LYS,CE,NZ,SING,N,N,18
LYS,CE,HE2,SING,N,N,19
LYS,CE,HE3,SING,N,N,20
LYS,NZ,HZ1,SING,N,N,21
LYS,NZ,HZ2,SING,N,N,22
LYS,NZ,HZ3,SING,N,N,23
LYS,OXT,HXT,SING,N,N,24
MET,N,CA,SING,N,N,1
MET,N,H,SING,N,N,2
MET,N,H2,SING,N,N,3
MET,CA,C,SING,N,N,4
MET,CA,CB,SING,N,N,5
MET,CA,HA,SING,N,N,6
MET,C,O,DOUB,N,N,7
MET,C,OXT,SING,N,N,8
MET,CB,CG,SING,N,N,9
MET,CB,HB2,SING,N,N,10
MET,CB,HB3,SING,N,N,11
MET,CG,SD,SING,N,N,12
MET,CG,HG2,SING,N,N,13
MET,CG,HG3,SING,N,N,14
MET,SD,CE,SING,N,N,15
MET,CE,HE1,SING,N,N,16
MET,CE,HE2,SING,N,N,17
MET,CE,HE3,SING,N,N,18
MET,OXT,HXT,SING,N,N,19
PHE,N,CA,SING,N,N,1
PHE,N,H,SING,N,N,2
PHE,N,H2,SING,N,N,3
PHE,CA,C,SING,N,N,4
PHE,CA,CB,SING,N,N,5
PHE,CA,HA,SING,N,N,6
PHE,C,O,DOUB,N,N,7
PHE,C,OXT,SING,N,N,8
PHE,CB,CG,SING,N,N,9
PHE,CB,HB2,SING,N,N,10
PHE,CB,HB3,SING,N,N,11
PHE,CG,CD1,DOUB,Y,N,12
PHE,CG,CD2,SING,Y,N,13
PHE,CD1,CE1,SING,Y,N,14
PHE,CD1,HD1,SING,N,N,15
PHE,CD2,CE2,DOUB,Y,N,16
PHE,CD2,HD2,SING,N,N,17
PHE,CE1,CZ,DOUB,Y,N,18
PHE,CE1,HE1,SING,N,N,19
PHE,CE2,CZ,SING,Y,N,20
PHE,CE2,HE2,SING,N,N,21
PHE,CZ,HZ,SING,N,N,22
PHE,OXT,HXT,SING,N,N,23
PRO,N,CA,SING,N,N,1
PRO,N,CD,SING,N,N,2
PRO,N,H,SING,N,N,3
PRO,CA,C,SING,N,N,4
PRO,CA,CB,SING,N,N,5
PRO,CA,HA,SING,N,N,6
PRO,C,O,DOUB,N,N,7
PRO,C,OXT,SING,N,N,8
PRO,CB,CG,SING,N,N,9
PRO,CB,HB2,SING,N,N,10
PRO,CB,HB3,SING,N,N,11
PRO,CG,CD,SING,N,N,12
PRO,CG,HG2,SING,N,N,13
PRO,CG,HG3,SING,N,N,14
PRO,CD,HD2,SING,N,N,15
PRO,CD,HD3,SING,N,N,16
PRO,OXT,HXT,SING,N,N,17
SER,N,CA,SING,N,N,1
SER,N,H,SING,N,N,2
SER,N,H2,SING,N,N,3
SER,CA,C,SING,N,N,4
SER,CA,CB,SING,N,N,5
SER,CA,HA,SING,N,N,6
SER,C,O,DOUB,N,N,7
SER,C,OXT,SING,N,N,8
SER,CB,OG,SING,N,N,9
SER,CB,HB2,SING,N,N,10
SER,CB,HB3,SING,N,N,11
SER,OG,HG,SING,N,N,12
SER,OXT,HXT,SING,N,N,13
THR,N,CA,SING,N,N,1
THR,N,H,SING,N,N,2
THR,N,H2,SING,N,N,3
THR,CA,C,SING,N,N,4
THR,CA,CB,SING,N,N,5
THR,CA,HA,SING,N,N,6
THR,C,O,DOUB,N,N,7
THR,C,OXT,SING,N,N,8
THR,CB,OG1,SING,N,N,9
THR,CB,CG2,SING,N,N,10
THR,CB,HB,SING,N,N,11
THR,OG1,HG1,SING,N,N,12
THR,CG2,HG21,SING,N,N,13
THR,CG2,HG22,SING,N,N,14
THR,CG2,HG23,SING,N,N,15
THR,OXT,HXT,SING,N,N,16
TRP,N,CA,SING,N,N,1
TRP,N,H,SING,N,N,2
TRP,N,H2,SING,N,N,3
TRP,CA,C,SING,N,N,4
TRP,CA,CB,SING,N,N,5
TRP,CA,HA,SING,N,N,6
TRP,C,O,DOUB,N,N,7
TRP,C,OXT,SING,N,N,8
TRP,CB,CG,SING,N,N,9
TRP,CB,HB2,SING,N,N,10
TRP,CB,HB3,SING,N,N,11
TRP,CG,CD1,DOUB,Y,N,12
TRP,CG,CD2,SING,Y,N,13
TRP,CD1,NE1,SING,Y,N,14
TRP,CD1,HD1,SING,N,N,15
TRP,CD2,CE2,DOUB,Y,N,16
TRP,CD2,CE3,SING,Y,N,17
TRP,NE1,CE2,SING,Y,N,18
TRP,NE1,HE1,SING,N,N,19
TRP,CE2,CZ2,SING,Y,N,20
TRP,CE3,CZ3,DOUB,Y,N,21
TRP,CE3,HE3,SING,N,N,22
TRP,CZ2,CH2,DOUB,Y,N,23
TRP,CZ2,HZ2,SING,N,N,24
TRP,CZ3,CH2,SING,Y,N,25
TRP,CZ3,HZ3,SING,N,N,26
TRP,CH2,HH2,SING,N,N,27
TRP,OXT,HXT,SING,N,N,28
TYR,N,CA,SING,N,N,1
TYR,N,H,SING,N,N,2
TYR,N,H2,SING,N,N,3
TYR,CA,C,SING,N,N,4
TYR,CA,CB,SING,N,N,5
TYR,CA,HA,SING,N,N,6
TYR,C,O,DOUB,N,N,7
TYR,C,OXT,SING,N,N,8
TYR,CB,CG,SING,N,N,9
TYR,CB,HB2,SING,N,N,10
TYR,CB,HB3,SING,N,N,11
TYR,CG,CD1,DOUB,Y,N,12
TYR,CG,CD2,SING,Y,N,13
TYR,CD1,CE1,SING,Y,N,14
TYR,CD1,HD1,SING,N,N,15
TYR,CD2,CE2,DOUB,Y,N,16
TYR,CD2,HD2,SING,N,N,17
TYR,CE1,CZ,DOUB,Y,N,18
TYR,CE1,HE1,SING,N,N,19
TYR,CE2,CZ,SING,Y,N,20
TYR,CE2,HE2,SING,N,N,21
TYR,CZ,OH,SING,N,N,22
TYR,OH,HH,SING,N,N,23
TYR,OXT,HXT,SING,N,N,24
VAL,N,CA,SING,N,N,1
VAL,N,H,SING,N,N,2
VAL,N,H2,SING,N,N,3
VAL,CA,C,SING,N,N,4
VAL,CA,CB,SING,N,N,5
VAL,CA,HA,SING,N,N,6
VAL,C,O,DOUB,N,N,7
VAL,C,OXT,SING,N,N,8
VAL,CB,CG1,SING,N,N,9
VAL,CB,CG2,SING,N,N,10
VAL,CB,HB,SING,N,N,11
VAL,CG1,HG11,SING,N,N,12
VAL,CG1,HG12,SING,N,N,13
VAL,CG1,HG13,SING,N,N,14
VAL,CG2,HG21,SING,N,N,15
VAL,CG2,HG22,SING,N,N,16
VAL,CG2,HG23,SING,N,N,17
VAL,OXT,HXT,SING,N,N,18
